feature,mean_impact,std_impact,count
Tonnetz_3_mean,5.256192072598392e-37,1.0512384145196784e-36,5
Tonnetz_1_std,5.156154528835336e-37,1.1529512028969212e-36,6
Tonnetz_6_std,4.949438463648989e-37,1.106728085517126e-36,6
RMS_mean,3.916244836181135e-37,6.7831350311449795e-37,4
Tonnetz_4_mean,3.6768559974022434e-37,7.353711994804487e-37,5
Chroma_std,3.2068344773070837e-37,6.413668954614167e-37,5
RMS_std,3.1105422254767264e-37,6.221084450953452e-37,5
ZCR_mean,2.569295830151988e-37,3.6335330087495807e-37,3
Tonnetz_2_mean,2.4487243441834057e-37,5.475514091752686e-37,6
Tonnetz_4_std,2.019245428568607e-37,4.038490857137214e-37,5
SpectralBandwidth_mean,1.743584516738189e-37,2.4658008707148855e-37,3
ZCR_std,1.6870645748923438e-37,3.3741291497846875e-37,5
Contrast_band4_mean,1.6830276183690814e-37,3.76336416268284e-37,6
Contrast_band5_mean,1.669591621425495e-37,3.733320360171501e-37,6
Tonnetz_2_std,1.6090616518244556e-37,3.5979712334675813e-37,6
Chroma_mean,1.4323288699522958e-37,2.8646577399045915e-37,5
Tonnetz_6_mean,1.354424398645667e-37,3.0285850257559855e-37,6
Contrast_band3_mean,1.3538485710351354e-37,3.027297436075516e-37,6
Contrast_band2_mean,1.1798449273835102e-37,2.638213460537832e-37,6
Contrast_band6_mean,1.1402723655174626e-37,2.549726522161534e-37,6
Tonnetz_5_mean,1.4896725600224862e-79,2.5801885605858828e-79,4
Tonnetz_1_mean,5.790324258546615e-80,8.188755096915872e-80,3
Tonnetz_5_std,1.700871377961186e-91,2.945995643768461e-91,4
Tonnetz_3_std,6.398981562365996e-92,1.1083361182714377e-91,4
MFCC_4_mean,0.0,0.0,4
MFCC_3_mean,0.0,0.0,4
MFCC_2_mean,0.0,0.0,4
MFCC_1_mean,0.0,0.0,4
MFCC_12_mean,0.0,0.0,4
MFCC_11_mean,0.0,0.0,4
MFCC_10_mean,0.0,0.0,4
MFCC_9_mean,0.0,0.0,4
MFCC_8_mean,0.0,0.0,4
MFCC_7_mean,0.0,0.0,4
MFCC_6_mean,0.0,0.0,4
MFCC_5_mean,0.0,0.0,4
MFCC_13_mean,0.0,0.0,4
MFCC_14_mean,0.0,0.0,4
MFCC_15_mean,0.0,0.0,4
MFCC_16_mean,0.0,0.0,4
MFCC_17_mean,0.0,0.0,4
MFCC_18_mean,0.0,0.0,4
MFCC_19_mean,0.0,0.0,4
MFCC_20_mean,0.0,0.0,4
